province,year,urban_rural_income_ratio,gdp_per_capita,urban_income,rural_income,urbanization_rate,tertiary_share,fiscal_expenditure_pc,fixed_investment_pc,retail_sales_pc,treated,post
云南,2010,2.973,2.39,2.3,0.77,40.0,46.7,0.356,1.48,0.99,0,0
云南,2011,2.868,2.64,2.57,0.9,40.0,47.3,0.408,1.54,1.07,0,0
云南,2012,2.779,2.85,2.95,1.06,40.8,47.7,0.423,1.79,1.23,0,0
云南,2013,2.734,3.09,3.33,1.22,41.9,48.3,0.489,1.92,1.14,0,0
云南,2014,2.72,3.19,3.49,1.28,42.7,49.6,0.488,1.96,1.29,0,0
云南,2015,2.64,3.52,3.76,1.43,44.1,48.7,0.507,1.8,1.41,0,0
云南,2016,2.595,3.64,3.73,1.44,45.5,50.0,0.536,2.17,1.42,0,0
云南,2017,2.542,4.13,3.86,1.52,46.3,50.5,0.618,2.51,1.55,0,0
云南,2018,2.503,4.34,3.85,1.54,47.9,50.1,0.644,2.66,1.66,0,0
云南,2019,2.373,4.75,4.51,1.9,48.7,50.7,0.723,3.01,1.95,0,0
云南,2020,2.325,5.05,4.63,1.99,50.1,51.7,0.706,3.02,1.97,0,0
云南,2021,2.28,5.39,5.1,2.24,51.7,52.6,0.81,3.22,2.1,0,1
云南,2022,2.204,5.71,4.43,2.01,52.6,52.8,0.937,3.79,2.36,0,1
云南,2023,2.149,5.98,5.09,2.37,54.0,53.8,0.933,2.98,2.15,0,1
云南,2024,2.1,6.32,5.8483295711060945,2.794477611940299,55.2,54.818939393939395,0.9290170757737461,2.34311345646438,1.958686440677966,0,1
内蒙古,2010,2.585,3.29,2.15,0.83,55.4,46.3,0.464,1.84,1.33,0,0
内蒙古,2011,2.57,3.6,2.31,0.9,56.3,45.8,0.54,2.54,1.43,0,0
内蒙古,2012,2.491,3.93,2.57,1.03,57.6,47.3,0.59,2.32,1.61,0,0
内蒙古,2013,2.491,4.31,2.83,1.14,59.4,47.7,0.678,2.51,1.84,0,0
内蒙古,2014,2.401,4.5,3.17,1.32,60.3,48.5,0.693,2.67,1.89,0,0
内蒙古,2015,2.324,4.86,3.36,1.45,62.0,49.0,0.644,2.61,1.88,0,0
内蒙古,2016,2.325,5.53,3.4,1.46,62.5,48.6,0.778,3.77,2.15,0,0
内蒙古,2017,2.271,5.64,3.49,1.54,63.8,49.1,0.86,3.04,2.02,0,0
内蒙古,2018,2.183,6.19,3.58,1.64,64.8,49.1,0.955,3.42,2.58,0,0
内蒙古,2019,2.056,6.59,3.96,1.93,66.2,49.9,1.013,4.31,2.73,0,0
内蒙古,2020,2.051,7.27,4.08,1.99,67.7,50.0,1.136,3.29,3.0,0,0
内蒙古,2021,1.998,7.63,4.62,2.31,68.8,51.9,1.204,5.34,3.05,0,1
内蒙古,2022,1.903,8.0,4.33,2.28,69.8,51.6,1.167,5.55,3.21,0,1
内蒙古,2023,1.901,8.25,4.22,2.22,71.0,52.2,1.192,4.88,3.65,0,1
内蒙古,2024,1.86,8.72,4.112794457274826,2.1615789473684215,72.1,52.80697674418605,1.217535561268209,4.290882882882883,4.150311526479751,0,1
吉林,2010,2.354,2.0,1.75,0.74,50.5,46.7,0.274,1.03,0.84,0,0
吉林,2011,2.292,2.21,1.9,0.83,51.4,47.1,0.331,1.17,0.92,0,0
吉林,2012,2.189,2.34,2.36,1.08,53.2,47.4,0.334,1.32,0.99,0,0
吉林,2013,2.157,2.52,2.55,1.18,54.0,48.3,0.414,1.59,1.06,0,0
吉林,2014,2.164,2.71,2.9,1.34,55.1,48.8,0.388,1.58,1.13,0,0
吉林,2015,2.054,3.01,2.99,1.46,57.1,49.2,0.444,1.73,1.31,0,0
吉林,2016,2.052,3.18,3.21,1.56,57.9,50.5,0.507,1.81,1.23,0,0
吉林,2017,2.011,3.51,3.33,1.66,58.8,50.5,0.511,2.26,1.41,0,0
吉林,2018,1.974,3.73,3.5,1.77,60.4,51.0,0.564,2.22,1.54,0,0
吉林,2019,1.98,3.98,3.71,1.87,61.6,51.7,0.559,2.85,1.59,0,0
吉林,2020,1.82,4.33,3.79,2.08,62.7,52.0,0.669,2.86,1.78,0,0
吉林,2021,1.784,4.33,3.9,2.19,63.6,52.4,0.653,2.39,1.66,0,1
吉林,2022,1.731,4.66,4.03,2.33,64.9,52.5,0.749,2.48,1.7,0,1
吉林,2023,1.675,5.03,3.88,2.32,66.4,52.3,0.668,3.21,1.9,0,1
吉林,2024,1.64,5.32,3.7355831265508677,2.3100429184549354,67.8,52.1007619047619,0.5957596795727638,4.154879032258065,2.123529411764706,0,1
四川,2010,2.471,2.57,2.1,0.85,44.3,47.1,0.36,1.46,1.0,0,0
四川,2011,2.429,2.74,2.21,0.91,46.0,47.2,0.414,1.63,0.99,0,0
四川,2012,2.354,2.93,2.44,1.04,47.0,48.7,0.433,1.86,1.13,0,0
四川,2013,2.308,3.25,2.71,1.17,48.6,49.6,0.478,1.92,1.22,0,0
四川,2014,2.28,3.49,2.94,1.29,49.5,49.5,0.475,2.25,1.45,0,0
四川,2015,2.223,3.75,3.12,1.4,50.8,49.6,0.596,2.59,1.52,0,0
四川,2016,2.172,4.11,3.11,1.43,51.8,50.3,0.644,2.66,1.66,0,0
四川,2017,2.12,4.31,3.63,1.71,52.9,50.8,0.58,2.56,1.56,0,0
四川,2018,2.102,4.96,3.44,1.64,55.0,51.8,0.755,3.04,1.91,0,0
四川,2019,2.023,4.96,3.74,1.85,55.2,52.3,0.682,2.96,1.95,0,0
四川,2020,1.953,5.55,4.15,2.12,56.7,52.8,0.828,2.8,2.05,0,0
四川,2021,1.946,5.84,4.24,2.18,57.8,52.7,0.89,3.45,2.34,0,1
四川,2022,1.927,6.24,4.25,2.2,59.4,53.8,0.949,3.69,2.35,0,1
四川,2023,1.783,6.28,4.16,2.33,60.9,53.2,0.908,3.08,2.23,0,1
四川,2024,1.75,6.65,4.071905882352942,2.467681818181818,62.2,52.606691449814136,0.8687713382507904,2.5708401084010846,2.116127659574468,0,1
宁夏,2010,2.597,2.54,2.26,0.87,53.6,49.1,0.381,1.44,1.11,0,0
宁夏,2011,2.56,2.73,2.27,0.88,55.1,50.4,0.407,1.66,1.07,0,0
宁夏,2012,2.496,2.92,2.59,1.04,55.6,50.3,0.446,1.81,1.21,0,0
宁夏,2013,2.462,3.23,2.85,1.16,56.6,50.3,0.443,1.67,1.35,0,0
宁夏,2014,2.369,3.36,3.07,1.29,58.4,50.4,0.524,2.32,1.24,0,0
宁夏,2015,2.407,3.75,3.31,1.38,59.1,50.9,0.596,2.23,1.46,0,0
宁夏,2016,2.27,3.93,3.47,1.53,60.3,51.5,0.615,2.28,1.48,0,0
宁夏,2017,2.248,4.24,3.62,1.61,61.7,53.4,0.684,2.6,1.67,0,0
宁夏,2018,2.19,4.8,3.67,1.68,62.8,53.6,0.675,2.87,2.08,0,0
宁夏,2019,2.127,5.16,3.89,1.83,64.0,53.4,0.796,3.12,2.12,0,0
宁夏,2020,2.141,5.23,4.33,2.02,65.6,54.2,0.76,2.97,2.17,0,0
宁夏,2021,2.079,5.58,4.51,2.17,66.4,54.6,0.896,3.51,2.25,0,1
宁夏,2022,1.982,6.13,4.34,2.19,67.8,54.6,0.912,3.75,2.66,0,1
宁夏,2023,1.979,6.31,4.97,2.51,69.4,54.8,0.971,3.35,2.89,0,1
宁夏,2024,1.94,6.68,5.691451612903225,2.8767579908675796,70.5,55.0007326007326,1.0338168859649122,2.9926666666666666,3.139887218045113,0,1
安徽,2010,2.335,2.76,1.73,0.74,45.6,47.3,0.418,1.69,1.12,0,0
安徽,2011,2.3,2.94,2.12,0.92,47.4,46.9,0.442,1.69,1.16,0,0
安徽,2012,2.276,3.09,2.42,1.06,49.4,47.5,0.478,1.85,1.27,0,0
安徽,2013,2.205,3.36,2.42,1.1,49.5,47.6,0.473,2.01,1.43,0,0
安徽,2014,2.215,3.67,3.01,1.36,50.5,48.6,0.548,2.44,1.51,0,0
安徽,2015,2.09,3.97,2.93,1.4,52.4,49.3,0.576,2.43,1.67,0,0
安徽,2016,2.083,4.2,2.96,1.42,53.5,49.3,0.608,2.67,1.72,0,0
安徽,2017,2.031,4.47,3.4,1.68,54.8,49.2,0.644,2.97,1.76,0,0
安徽,2018,1.98,4.9,3.52,1.78,55.8,50.8,0.712,3.29,2.14,0,0
安徽,2019,1.94,5.51,3.58,1.85,57.6,50.6,0.833,3.18,2.32,0,0
安徽,2020,1.845,5.68,3.71,2.01,58.5,50.7,0.834,3.24,2.28,0,0
安徽,2021,1.834,6.2,4.01,2.19,58.7,51.0,0.886,3.7,2.53,0,1
安徽,2022,1.822,6.53,4.13,2.27,59.9,52.0,0.934,4.4,2.72,0,1
安徽,2023,1.756,6.87,4.19,2.38,62.1,54.3,0.907,4.43,2.75,0,1
安徽,2024,1.72,7.25,4.25087167070218,2.4953303964757705,63.5,56.70173076923076,0.8807805139186295,4.460204545454545,2.780330882352941,0,1
山东,2010,2.371,3.45,2.06,0.87,51.0,48.7,0.49,2.09,1.31,0,0
山东,2011,2.282,3.69,1.95,0.85,52.2,49.5,0.551,1.98,1.48,0,0
山东,2012,2.225,3.86,2.31,1.04,53.3,49.2,0.557,2.26,1.64,0,0
山东,2013,2.153,4.24,2.4,1.11,54.6,49.8,0.605,2.52,1.63,0,0
山东,2014,2.088,4.58,2.68,1.29,55.9,51.2,0.676,2.83,1.97,0,0
山东,2015,2.093,4.99,2.86,1.37,57.1,51.0,0.732,2.83,2.03,0,0
山东,2016,2.036,5.3,3.42,1.68,58.4,51.8,0.842,3.23,2.18,0,0
山东,2017,1.995,5.62,3.0,1.5,59.7,52.6,0.846,3.2,2.2,0,0
山东,2018,1.955,6.32,3.4,1.74,60.5,52.1,0.995,4.1,2.73,0,0
山东,2019,1.947,6.72,3.68,1.89,62.3,53.5,0.997,4.24,2.64,0,0
山东,2020,1.834,7.09,3.95,2.15,63.4,52.8,1.073,3.8,2.69,0,0
山东,2021,1.8,7.68,3.69,2.05,64.1,54.2,1.161,4.98,2.93,0,1
山东,2022,1.759,8.02,3.88,2.21,65.5,54.1,1.203,4.74,3.2,0,1
山东,2023,1.767,8.56,4.21,2.38,66.3,55.6,1.223,5.35,3.11,0,1
山东,2024,2.18,9.02,4.568067010309278,2.563076923076923,67.5,57.141589648798515,1.243332502078138,6.03850210970464,3.0225312499999997,0,1
山西,2010,2.59,2.47,2.03,0.78,50.8,49.6,0.376,1.54,0.98,0,0
山西,2011,2.541,2.53,2.41,0.95,51.6,50.2,0.423,1.25,0.94,0,0
山西,2012,2.475,2.86,2.64,1.07,53.1,50.0,0.403,1.55,1.07,0,0
山西,2013,2.428,2.98,2.84,1.17,53.9,50.0,0.476,1.64,1.08,0,0
山西,2014,2.404,3.24,2.94,1.22,55.6,51.0,0.445,1.76,1.23,0,0
山西,2015,2.271,3.56,3.19,1.41,56.9,52.2,0.533,2.09,1.42,0,0
山西,2016,2.246,3.8,3.35,1.49,57.1,52.4,0.575,2.54,1.5,0,0
山西,2017,2.212,4.08,3.63,1.64,58.6,53.4,0.618,2.39,1.71,0,0
山西,2018,2.171,4.45,3.89,1.79,60.4,52.9,0.649,2.54,1.68,0,0
山西,2019,2.098,5.0,3.65,1.74,60.9,53.7,0.745,2.74,2.08,0,0
山西,2020,2.005,5.14,3.97,1.98,62.6,53.9,0.812,3.13,2.1,0,0
山西,2021,1.984,5.54,4.17,2.1,63.6,54.8,0.798,3.48,2.32,0,1
山西,2022,1.967,5.85,4.56,2.32,65.1,55.8,0.879,3.53,2.49,0,1
山西,2023,1.894,5.93,4.67,2.47,66.0,54.7,0.89,3.38,2.52,0,1
山西,2024,1.85,6.28,4.78265350877193,2.6296982758620695,67.5,53.621684587813625,0.9011376564277589,3.2363739376770537,2.5503614457831323,0,1
广东,2010,2.498,4.01,1.92,0.77,61.7,51.6,0.598,2.46,1.75,0,0
广东,2011,2.444,4.35,2.19,0.9,63.6,51.2,0.682,2.84,1.66,0,0
广东,2012,2.406,4.9,2.53,1.05,65.2,52.4,0.634,3.18,2.01,0,0
广东,2013,2.369,5.13,2.85,1.2,65.9,53.0,0.748,2.82,2.01,0,0
广东,2014,2.276,5.6,2.93,1.29,67.2,52.9,0.905,3.65,2.15,0,0
广东,2015,2.258,5.93,3.16,1.4,67.6,53.7,0.876,3.54,2.46,0,0
广东,2016,2.192,6.44,3.56,1.62,69.6,53.8,0.923,3.63,2.82,0,0
广东,2017,2.148,7.13,3.5,1.63,70.3,54.7,1.054,3.71,2.79,0,0
广东,2018,2.065,7.58,3.77,1.83,72.1,55.1,1.301,4.18,3.21,0,0
广东,2019,2.13,8.07,3.88,1.82,73.2,56.0,1.124,5.21,3.43,0,0
广东,2020,2.059,8.76,4.3,2.09,74.1,56.7,1.242,5.19,3.3,0,0
广东,2021,1.954,9.57,4.03,2.06,75.4,57.4,1.381,5.85,3.97,0,1
广东,2022,1.923,9.67,4.41,2.29,76.6,58.0,1.462,5.3,4.02,0,1
广东,2023,1.818,10.18,4.45,2.45,77.9,57.9,1.578,6.45,4.18,0,1
广东,2024,2.32,10.85,4.490362811791383,2.621179039301311,78.8,57.8001724137931,1.703203830369357,7.849528301886793,4.34636815920398,0,1
广西,2010,2.674,2.04,2.07,0.77,42.0,45.6,0.282,1.2,0.8,0,0
广西,2011,2.561,2.09,2.69,1.05,43.3,45.2,0.34,1.47,0.86,0,0
广西,2012,2.598,2.23,2.52,0.97,44.4,46.0,0.336,1.33,0.87,0,0
广西,2013,2.525,2.41,2.69,1.06,45.9,45.9,0.364,1.52,0.86,0,0
广西,2014,2.441,2.67,3.26,1.34,47.2,47.0,0.43,1.43,1.13,0,0
广西,2015,2.379,2.92,3.3,1.39,48.1,48.1,0.414,1.87,1.12,0,0
广西,2016,2.372,3.13,3.72,1.57,49.0,47.5,0.453,1.95,1.26,0,0
广西,2017,2.313,3.35,3.91,1.69,50.5,48.5,0.499,2.05,1.35,0,0
广西,2018,2.271,3.61,3.92,1.73,51.4,48.6,0.562,2.19,1.63,0,0
广西,2019,2.172,3.97,4.06,1.87,53.0,49.5,0.55,2.22,1.53,0,0
广西,2020,2.083,4.03,4.25,2.04,54.2,49.0,0.618,2.25,1.47,0,0
广西,2021,2.095,4.54,3.81,1.82,55.8,50.6,0.678,2.81,1.71,0,1
广西,2022,2.04,4.72,4.8,2.35,56.7,51.3,0.626,2.86,1.75,0,1
广西,2023,1.961,4.85,4.44,2.26,57.5,51.3,0.733,2.64,1.8,0,1
广西,2024,1.92,5.12,4.107000000000001,2.1734468085106378,58.6,51.3,0.8582891373801917,2.436923076923077,1.8514285714285716,0,1
江苏,2010,2.203,5.71,1.96,0.89,61.4,46.9,0.872,3.88,2.06,0,0
江苏,2011,2.116,6.36,1.9,0.9,62.4,48.2,0.888,4.05,2.56,0,0
江苏,2012,2.113,6.85,2.23,1.05,63.6,48.7,0.976,3.43,2.59,0,0
江苏,2013,2.031,7.25,2.4,1.18,65.4,49.7,1.077,4.28,2.77,0,0
江苏,2014,2.017,7.78,2.54,1.26,66.2,50.6,1.21,4.64,3.25,0,0
江苏,2015,1.976,8.48,2.78,1.41,67.6,49.5,1.3,5.13,3.33,0,0
江苏,2016,1.934,9.05,2.84,1.47,68.1,49.3,1.389,4.6,3.53,0,0
江苏,2017,1.921,9.94,3.17,1.65,69.6,50.7,1.51,5.73,3.83,0,0
江苏,2018,1.904,10.8,3.41,1.79,71.4,51.7,1.718,6.0,3.87,0,0
江苏,2019,1.827,11.56,3.42,1.87,72.4,51.7,1.901,7.54,4.82,0,0
江苏,2020,1.785,12.47,3.64,2.04,72.8,52.8,1.914,7.41,5.22,0,0
江苏,2021,1.704,13.55,3.53,2.07,74.8,53.6,1.879,7.2,5.54,0,1
江苏,2022,1.726,13.7,4.22,2.44,75.6,52.7,2.062,7.83,5.49,0,1
江苏,2023,1.615,13.88,3.94,2.44,76.9,54.3,2.183,8.11,5.52,0,1
江苏,2024,2.04,14.68,3.6785781990521325,2.44,77.8,55.94857685009487,2.3111003879728416,8.400012771392081,5.5501639344262275,0,1
江西,2010,2.333,2.25,1.92,0.82,48.3,44.7,0.329,1.21,0.91,0,0
江西,2011,2.322,2.53,2.07,0.89,49.5,46.4,0.363,1.6,1.02,0,0
江西,2012,2.256,2.63,2.34,1.04,50.9,45.2,0.368,1.53,1.08,0,0
江西,2013,2.162,2.88,2.7,1.25,51.7,47.9,0.435,1.54,1.04,0,0
江西,2014,2.176,3.07,2.8,1.29,53.5,47.4,0.444,2.17,1.18,0,0
江西,2015,2.11,3.36,3.08,1.46,55.0,47.6,0.514,1.94,1.2,0,0
江西,2016,2.069,3.78,3.01,1.46,55.5,48.1,0.634,2.25,1.45,0,0
江西,2017,2.044,3.92,3.31,1.62,56.6,48.7,0.627,2.1,1.59,0,0
江西,2018,1.972,4.26,3.36,1.71,58.0,49.6,0.646,2.66,1.71,0,0
江西,2019,1.911,4.38,3.34,1.75,59.4,49.3,0.661,2.73,1.78,0,0
江西,2020,1.913,5.02,3.84,2.01,60.2,50.3,0.81,2.73,1.83,0,0
江西,2021,1.869,5.09,3.94,2.11,61.1,50.1,0.756,3.13,2.15,0,1
江西,2022,1.788,5.46,4.32,2.42,62.8,51.2,0.874,3.44,2.08,0,1
江西,2023,1.738,5.74,4.19,2.41,63.5,52.1,0.82,3.42,2.17,0,1
江西,2024,1.71,6.08,4.063912037037038,2.40004132231405,64.8,53.015820312500004,0.7693363844393593,3.4001162790697674,2.2638942307692305,0,1
河北,2010,2.404,2.24,1.95,0.81,48.1,47.1,0.348,1.42,0.91,0,0
河北,2011,2.355,2.4,2.07,0.88,49.1,46.4,0.383,1.6,0.97,0,0
河北,2012,2.288,2.6,2.38,1.04,50.8,47.6,0.364,1.69,1.07,0,0
河北,2013,2.234,2.85,2.67,1.2,51.4,49.2,0.41,1.53,1.1,0,0
河北,2014,2.144,2.98,2.63,1.23,53.2,47.9,0.464,1.89,1.17,0,0
河北,2015,2.173,3.28,3.04,1.4,54.0,48.5,0.485,1.96,1.35,0,0
河北,2016,2.087,3.61,3.22,1.54,54.8,50.0,0.489,2.09,1.49,0,0
河北,2017,2.064,3.88,3.55,1.72,56.5,49.8,0.574,2.17,1.51,0,0
河北,2018,2.006,4.16,3.51,1.75,57.3,50.5,0.588,2.76,1.54,0,0
河北,2019,1.919,4.43,3.92,2.04,59.1,51.6,0.614,3.0,1.85,0,0
河北,2020,1.899,4.89,3.79,2.0,60.1,51.2,0.688,2.7,2.13,0,0
河北,2021,1.863,4.86,3.85,2.07,60.9,52.1,0.739,3.09,2.01,0,1
河北,2022,1.741,5.23,3.67,2.11,62.7,51.8,0.77,3.32,2.21,0,1
河北,2023,1.799,5.53,4.37,2.43,62.9,53.8,0.846,3.69,2.16,0,1
河北,2024,1.72,5.85,5.203514986376022,2.7985308056872045,64.2,55.87722007722007,0.9295012987012987,4.101234939759037,2.1111312217194573,0,1
河南,2010,2.395,2.55,1.95,0.82,43.9,47.0,0.346,1.49,1.03,0,0
河南,2011,2.373,2.78,2.19,0.92,44.3,47.3,0.454,1.83,1.11,0,0
河南,2012,2.329,3.02,2.41,1.03,45.7,48.1,0.444,1.95,1.19,0,0
河南,2013,2.276,3.26,2.89,1.27,47.4,49.3,0.49,2.16,1.34,0,0
河南,2014,2.269,3.64,2.79,1.23,48.2,49.2,0.514,2.13,1.45,0,0
河南,2015,2.201,3.71,2.95,1.34,49.5,48.7,0.574,2.04,1.58,0,0
河南,2016,2.09,4.12,3.5,1.67,50.5,49.5,0.605,2.34,1.64,0,0
河南,2017,2.085,4.4,3.23,1.55,52.3,51.0,0.709,2.23,1.84,0,0
河南,2018,2.007,4.89,3.34,1.66,52.9,51.8,0.745,3.16,2.15,0,0
河南,2019,1.976,5.23,3.47,1.76,54.0,51.8,0.774,3.12,2.14,0,0
河南,2020,1.917,5.53,3.94,2.05,55.3,52.8,0.862,3.44,2.39,0,0
河南,2021,1.839,6.07,4.17,2.27,56.6,52.7,0.95,3.94,2.41,0,1
河南,2022,1.865,6.41,4.4,2.36,58.1,52.8,0.923,3.2,2.66,0,1
河南,2023,1.8,6.33,4.47,2.48,59.5,53.2,0.89,3.72,2.32,0,1
河南,2024,1.76,6.72,4.541113636363636,2.6061016949152545,60.8,53.603030303030316,0.8581798483206934,4.3245000000000005,2.023458646616541,0,1
浙江,2010,2.426,5.17,2.0,0.82,61.6,50.0,0.768,3.26,1.99,1,0
浙江,2011,2.374,5.92,2.26,0.95,62.3,50.2,0.878,3.52,2.42,1,0
浙江,2012,2.366,6.33,2.58,1.09,63.2,50.5,0.873,3.41,2.52,1,0
浙江,2013,2.129,6.85,2.45,1.15,64.0,51.2,0.967,3.82,2.91,1,0
浙江,2014,2.086,7.3,2.83,1.35,64.9,51.7,1.098,4.34,2.8,1,0
浙江,2015,2.069,7.76,3.14,1.52,65.8,52.0,1.218,3.95,3.18,1,0
浙江,2016,2.066,8.35,3.12,1.51,67.0,52.6,1.187,4.8,3.5,1,0
浙江,2017,2.054,9.21,3.27,1.59,68.0,52.7,1.306,5.16,3.53,1,0
浙江,2018,2.036,9.86,3.75,1.84,68.9,53.3,1.391,5.92,4.16,1,0
浙江,2019,1.963,10.76,3.88,1.98,70.0,53.6,1.669,6.04,4.19,1,0
浙江,2020,1.964,10.06,3.9,1.98,72.2,54.2,1.712,6.15,4.03,1,0
浙江,2021,1.94,11.39,3.86,1.99,72.7,54.4,1.814,7.14,4.52,1,1
浙江,2022,1.9,11.85,4.58,2.41,73.4,55.0,1.721,7.17,4.49,1,1
浙江,2023,1.86,12.45,4.15,2.23,74.2,55.7,1.906,7.31,4.79,1,1
浙江,2024,1.82,13.16,3.7603711790393017,2.0634439834024896,74.8,56.40890909090909,2.110886693782684,7.45273361227336,5.110044543429844,1,1
海南,2010,2.408,2.6,1.97,0.82,48.3,54.9,0.362,1.6,0.96,0,0
海南,2011,2.341,2.69,2.28,0.97,49.3,55.9,0.392,1.75,1.15,0,0
海南,2012,2.316,2.91,2.41,1.04,50.3,56.0,0.439,1.57,1.15,0,0
海南,2013,2.261,3.18,2.78,1.23,52.2,56.1,0.482,1.8,1.23,0,0
海南,2014,2.173,3.41,2.96,1.36,53.2,56.9,0.515,1.88,1.34,0,0
海南,2015,2.195,3.64,3.11,1.42,54.4,58.3,0.549,2.05,1.51,0,0
海南,2016,2.144,4.11,3.15,1.47,55.1,57.9,0.659,2.55,1.63,0,0
海南,2017,2.076,4.41,3.35,1.61,56.6,58.4,0.652,2.66,1.82,0,0
海南,2018,2.021,4.87,3.64,1.8,58.2,60.2,0.69,2.98,1.83,0,0
海南,2019,1.956,5.12,3.79,1.94,59.4,59.3,0.764,3.05,1.99,0,0
海南,2020,1.876,5.55,3.67,1.96,60.3,60.3,0.879,3.31,2.13,0,0
海南,2021,1.885,5.88,4.31,2.29,61.6,60.6,0.922,3.2,2.42,0,1
海南,2022,1.866,6.34,4.26,2.28,62.7,60.7,0.896,4.05,2.52,0,1
海南,2023,1.789,6.29,4.29,2.4,63.8,62.3,0.922,3.92,2.56,0,1
海南,2024,2.02,6.68,4.320211267605634,2.5263157894736845,64.8,63.94217462932454,0.9487544642857144,3.7941728395061727,2.6006349206349206,0,1
湖北,2010,2.387,2.94,1.97,0.82,51.0,46.2,0.421,1.65,1.25,0,0
湖北,2011,2.36,3.13,2.29,0.97,52.6,46.1,0.445,1.81,1.22,0,0
湖北,2012,2.31,3.51,2.34,1.01,53.4,47.8,0.488,1.92,1.36,0,0
湖北,2013,2.331,3.6,2.6,1.11,54.7,46.9,0.553,2.34,1.39,0,0
湖北,2014,2.218,4.04,2.68,1.21,55.9,48.3,0.578,2.25,1.67,0,0
湖北,2015,2.153,4.43,3.03,1.41,57.0,48.2,0.641,2.41,1.73,0,0
湖北,2016,2.178,4.73,3.26,1.5,58.3,48.2,0.678,2.62,1.98,0,0
湖北,2017,2.072,4.95,3.08,1.49,59.2,49.6,0.764,3.08,2.02,0,0
湖北,2018,2.017,5.4,3.57,1.77,60.9,49.7,0.783,3.3,2.03,0,0
湖北,2019,1.974,5.91,3.39,1.72,61.6,51.0,0.917,2.97,2.33,0,0
湖北,2020,1.944,6.5,3.63,1.87,63.7,50.0,0.948,4.09,2.55,0,0
湖北,2021,1.928,6.57,3.64,1.89,64.7,50.4,0.991,4.03,2.64,0,1
湖北,2022,1.88,7.07,3.87,2.06,65.9,51.1,1.049,4.67,2.83,0,1
湖北,2023,1.77,7.34,4.09,2.31,66.6,52.5,1.115,4.31,3.05,0,1
湖北,2024,1.73,7.82,4.32250645994832,2.5903398058252427,67.8,53.938356164383556,1.1851525262154432,3.9777516059957168,3.2871024734982326,0,1
湖南,2010,2.523,2.75,1.91,0.76,46.6,48.9,0.402,1.76,1.11,0,0
湖南,2011,2.42,2.9,2.14,0.89,47.9,48.0,0.471,1.93,1.11,0,0
湖南,2012,2.393,3.16,2.44,1.02,49.0,50.0,0.496,1.84,1.22,0,0
湖南,2013,2.365,3.31,2.75,1.16,50.6,49.7,0.495,1.65,1.33,0,0
湖南,2014,2.334,3.74,2.89,1.24,51.2,50.1,0.556,2.22,1.3,0,0
湖南,2015,2.235,4.04,3.15,1.41,52.8,50.4,0.601,2.43,1.55,0,0
湖南,2016,2.157,4.26,3.37,1.56,53.4,51.0,0.651,2.41,1.68,0,0
湖南,2017,2.129,4.71,3.51,1.65,55.3,52.2,0.717,3.11,1.91,0,0
湖南,2018,2.103,5.06,3.7,1.76,56.5,52.8,0.754,3.44,1.79,0,0
湖南,2019,1.991,5.27,3.44,1.73,57.6,53.2,0.916,3.26,2.17,0,0
湖南,2020,2.004,5.75,4.13,2.06,59.1,53.9,0.826,3.53,2.46,0,0
湖南,2021,1.901,6.2,4.38,2.3,59.6,54.2,0.984,3.96,2.68,0,1
湖南,2022,1.947,6.69,4.32,2.22,60.7,54.5,1.064,3.65,2.84,0,1
湖南,2023,1.825,6.84,4.75,2.6,62.7,55.4,1.053,4.25,2.85,0,1
湖南,2024,1.79,7.25,5.222800925925926,3.045045045045045,64.0,56.3148623853211,1.0421137218045111,4.948630136986301,2.860035211267606,0,1
甘肃,2010,3.221,1.68,2.58,0.8,40.0,49.6,0.227,1.01,0.65,0,0
甘肃,2011,3.159,1.78,3.02,0.95,41.6,51.0,0.251,1.03,0.74,0,0
甘肃,2012,3.085,1.98,3.12,1.01,42.1,50.8,0.311,1.23,0.79,0,0
甘肃,2013,3.024,2.09,3.49,1.15,43.8,51.5,0.314,1.36,0.88,0,0
甘肃,2014,2.932,2.35,4.04,1.38,45.4,52.8,0.348,1.35,0.98,0,0
甘肃,2015,2.882,2.4,4.0,1.39,46.1,52.5,0.35,1.44,1.01,0,0
甘肃,2016,2.842,2.49,4.26,1.5,47.5,53.7,0.405,1.62,1.07,0,0
甘肃,2017,2.76,2.83,4.65,1.68,48.6,53.8,0.466,1.68,1.18,0,0
甘肃,2018,2.76,3.07,4.86,1.76,49.5,53.4,0.493,1.94,1.22,0,0
甘肃,2019,2.677,3.34,4.95,1.85,51.3,54.7,0.501,2.15,1.4,0,0
甘肃,2020,2.605,3.54,5.46,2.1,52.6,55.6,0.518,1.98,1.51,0,0
甘肃,2021,2.512,3.77,5.13,2.04,53.6,56.0,0.55,2.37,1.52,0,1
甘肃,2022,2.474,3.97,5.75,2.32,55.0,55.6,0.595,2.17,1.53,0,1
甘肃,2023,2.417,4.13,6.22,2.57,55.7,57.0,0.619,2.79,1.72,0,1
甘肃,2024,2.36,4.38,6.7284173913043475,2.846939655172414,56.8,58.435251798561154,0.6439680672268908,3.5871428571428576,1.93359477124183,0,1
福建,2010,2.347,5.0,1.98,0.85,57.0,41.2,0.744,3.2,2.03,0,0
福建,2011,2.305,5.17,2.05,0.89,58.2,43.0,0.813,2.78,2.12,0,0
福建,2012,2.21,5.85,2.33,1.06,59.5,42.2,0.898,3.26,2.31,0,0
福建,2013,2.223,6.19,2.65,1.19,60.5,43.2,0.902,3.87,2.32,0,0
福建,2014,2.148,6.75,2.99,1.39,61.5,44.6,1.033,3.86,2.75,0,0
福建,2015,2.104,7.31,2.98,1.42,63.0,44.5,1.053,4.26,2.91,0,0
福建,2016,2.072,8.06,3.35,1.62,64.2,44.1,1.145,5.19,3.08,0,0
福建,2017,1.972,8.4,3.19,1.62,65.0,46.6,1.159,4.53,3.56,0,0
福建,2018,1.95,9.05,3.66,1.88,66.2,45.9,1.406,5.71,3.54,0,0
福建,2019,1.93,10.17,3.59,1.86,67.9,46.6,1.454,6.42,4.19,0,0
福建,2020,1.808,10.75,3.75,2.07,68.4,47.9,1.689,7.17,4.38,0,0
福建,2021,1.833,11.35,3.68,2.0,69.6,47.7,1.86,6.89,4.26,0,1
福建,2022,1.772,11.89,3.94,2.23,70.9,48.3,1.854,8.18,4.45,0,1
福建,2023,1.722,12.45,4.14,2.4,72.0,48.9,1.969,8.05,4.68,0,1
福建,2024,1.69,13.12,4.350152284263959,2.5829596412556053,73.2,49.50745341614907,2.091133225458468,7.922066014669928,4.921887640449437,0,1
贵州,2010,3.111,2.03,2.66,0.85,41.6,48.2,0.311,1.13,0.73,0,0
贵州,2011,2.969,2.12,2.42,0.82,42.3,48.4,0.291,1.33,0.85,0,0
贵州,2012,2.959,2.41,2.94,0.99,43.5,48.3,0.364,1.33,0.94,0,0
贵州,2013,2.866,2.56,3.34,1.17,45.2,49.8,0.375,1.64,1.04,0,0
贵州,2014,2.774,2.69,3.32,1.2,45.7,49.7,0.4,1.38,1.09,0,0
贵州,2015,2.689,3.05,3.62,1.35,47.6,50.8,0.455,1.77,1.19,0,0
贵州,2016,2.705,3.19,4.23,1.57,47.9,49.7,0.466,1.68,1.25,0,0
贵州,2017,2.637,3.5,4.92,1.86,49.7,51.7,0.518,1.99,1.2,0,0
贵州,2018,2.576,3.75,4.86,1.89,50.8,52.4,0.559,2.27,1.58,0,0
贵州,2019,2.537,4.12,4.55,1.79,51.8,50.8,0.654,2.49,1.82,0,0
贵州,2020,2.416,4.43,4.4,1.82,53.3,52.6,0.658,2.37,1.82,0,0
贵州,2021,2.319,4.6,5.4,2.33,54.4,53.3,0.732,2.77,1.77,0,1
贵州,2022,2.309,4.8,5.1,2.21,55.7,53.6,0.712,2.83,1.9,0,1
贵州,2023,2.223,4.98,5.41,2.43,57.1,54.0,0.7,3.09,2.02,0,1
贵州,2024,2.18,5.28,5.738843137254902,2.6719004524886882,58.2,54.40298507462686,0.6882022471910112,3.373886925795053,2.147578947368421,0,1
辽宁,2010,2.436,2.71,1.9,0.78,60.1,46.9,0.425,1.75,1.19,0,0
辽宁,2011,2.444,2.81,2.15,0.88,62.0,47.8,0.397,1.82,1.17,0,0
辽宁,2012,2.337,3.02,2.45,1.05,62.2,48.4,0.496,1.84,1.12,0,0
辽宁,2013,2.314,3.22,2.53,1.09,63.8,48.2,0.523,2.21,1.29,0,0
辽宁,2014,2.259,3.58,2.83,1.25,65.1,48.8,0.521,2.24,1.3,0,0
辽宁,2015,2.195,3.97,2.95,1.34,65.6,49.9,0.566,2.18,1.57,0,0
辽宁,2016,2.138,4.26,3.4,1.59,67.3,50.3,0.619,2.36,1.78,0,0
辽宁,2017,2.137,4.36,3.67,1.72,68.7,51.3,0.644,2.23,1.8,0,0
辽宁,2018,2.045,4.94,3.42,1.67,69.9,50.0,0.722,3.15,2.03,0,0
辽宁,2019,2.033,5.35,3.97,1.96,71.1,52.8,0.794,3.05,2.06,0,0
辽宁,2020,1.995,5.73,4.1,2.05,72.6,53.0,0.959,3.57,2.17,0,0
辽宁,2021,1.891,5.99,4.15,2.2,73.6,53.9,0.892,3.52,2.47,0,1
辽宁,2022,1.877,6.21,4.22,2.25,74.5,52.4,1.001,4.03,2.68,0,1
辽宁,2023,1.78,6.82,4.2,2.36,76.3,52.7,1.016,3.99,2.75,0,1
辽宁,2024,1.73,7.15,4.180094786729859,2.4753777777777772,77.2,53.001717557251915,1.0312247752247752,3.9503970223325067,2.8218283582089554,0,1
陕西,2010,2.832,3.11,2.27,0.8,51.5,42.4,0.458,1.94,1.34,0,0
陕西,2011,2.731,3.42,2.48,0.91,52.1,42.8,0.521,1.76,1.32,0,0
陕西,2012,2.695,3.67,2.65,0.98,53.4,44.7,0.534,2.31,1.57,0,0
陕西,2013,2.665,3.84,2.99,1.12,54.8,44.1,0.56,2.55,1.45,0,0
陕西,2014,2.54,4.22,3.18,1.25,55.5,44.4,0.607,2.73,1.68,0,0
陕西,2015,2.515,4.34,3.08,1.23,57.0,44.6,0.646,2.68,1.66,0,0
陕西,2016,2.454,4.93,3.97,1.62,58.2,44.3,0.756,2.85,1.96,0,0
陕西,2017,2.437,5.4,3.8,1.56,59.4,46.0,0.742,3.51,2.33,0,0
陕西,2018,2.347,5.56,3.98,1.7,60.7,45.5,0.728,2.89,2.42,0,0
陕西,2019,2.353,6.24,3.8,1.61,62.0,46.5,0.924,4.16,2.45,0,0
陕西,2020,2.253,6.8,4.65,2.06,63.1,48.2,1.015,3.89,2.63,0,0
陕西,2021,2.179,7.0,4.46,2.05,64.7,48.8,1.032,4.59,2.69,0,1
陕西,2022,2.123,7.26,4.47,2.1,64.9,48.6,1.115,4.16,3.06,0,1
陕西,2023,2.091,7.8,5.07,2.42,66.6,48.4,1.181,4.43,3.02,0,1
陕西,2024,2.05,8.25,5.75053691275168,2.7887619047619046,67.8,48.200823045267484,1.2509067264573992,4.717524038461538,2.9805228758169933,0,1
青海,2010,2.796,2.37,2.35,0.84,46.7,47.1,0.348,1.43,0.95,0,0
青海,2011,2.715,2.59,2.52,0.93,47.4,47.6,0.379,1.9,1.08,0,0
青海,2012,2.651,2.73,2.78,1.05,48.9,47.1,0.424,1.53,1.08,0,0
青海,2013,2.612,3.09,3.21,1.23,49.9,48.9,0.468,1.82,1.35,0,0
青海,2014,2.614,3.2,3.2,1.23,51.3,48.9,0.449,1.95,1.24,0,0
青海,2015,2.533,3.53,3.32,1.31,52.2,49.3,0.544,1.95,1.34,0,0
青海,2016,2.456,3.68,3.61,1.47,53.3,49.7,0.532,2.19,1.47,0,0
青海,2017,2.448,4.2,3.84,1.57,55.1,49.9,0.608,2.88,1.61,0,0
青海,2018,2.351,4.57,4.07,1.73,55.8,51.3,0.676,2.75,1.98,0,0
青海,2019,2.267,4.89,4.21,1.86,56.6,51.1,0.695,3.07,2.09,0,0
青海,2020,2.191,5.21,4.42,2.02,58.0,52.5,0.729,2.88,2.22,0,0
青海,2021,2.179,5.39,4.72,2.17,59.9,52.2,0.806,2.98,1.97,0,1
青海,2022,2.13,5.74,4.47,2.1,60.4,53.9,0.843,3.57,2.44,0,1
青海,2023,2.03,5.87,4.54,2.24,62.8,53.7,0.812,3.65,2.43,0,1
青海,2024,1.98,6.15,4.611096196868009,2.3893333333333335,64.0,53.50074211502783,0.7821399762752077,3.7317927170868344,2.4200409836065577,0,1
黑龙江,2010,2.221,1.68,1.71,0.77,51.3,51.1,0.245,0.9,0.63,0,0
黑龙江,2011,2.192,1.83,2.03,0.92,52.2,51.7,0.278,0.99,0.75,0,0
黑龙江,2012,2.093,1.92,2.19,1.05,53.6,52.5,0.276,1.26,0.76,0,0
黑龙江,2013,2.102,2.2,2.43,1.16,55.5,51.6,0.315,1.24,0.82,0,0
黑龙江,2014,2.113,2.29,2.53,1.2,56.4,53.5,0.322,1.38,0.91,0,0
黑龙江,2015,2.038,2.54,2.74,1.34,57.2,54.1,0.384,1.59,0.93,0,0
黑龙江,2016,1.966,2.64,3.02,1.54,59.1,54.4,0.404,1.67,1.06,0,0
黑龙江,2017,1.925,2.79,3.15,1.64,60.1,54.8,0.48,1.79,1.06,0,0
黑龙江,2018,1.871,2.97,3.22,1.72,60.8,55.1,0.398,1.89,1.04,0,0
黑龙江,2019,1.818,3.35,3.56,1.96,61.8,55.7,0.516,2.09,1.35,0,0
黑龙江,2020,1.764,3.64,2.88,1.63,63.9,55.9,0.568,2.28,1.44,0,0
黑龙江,2021,1.735,3.7,3.89,2.24,64.9,57.3,0.549,1.99,1.42,0,1
黑龙江,2022,1.703,3.96,3.71,2.18,66.2,57.9,0.599,2.29,1.65,0,1
黑龙江,2023,1.643,4.3,3.69,2.24,67.4,58.4,0.588,2.36,1.73,0,1
黑龙江,2024,1.61,4.56,3.67010781671159,2.3016513761467894,68.5,58.90431778929188,0.5772020033388982,2.432139737991266,1.813878787878788,0,1
